
INSERT INTO regiones (id, nombre) VALUES (1, 'Sudamérica');
INSERT INTO regiones (id, nombre) VALUES (2, 'Centroamérica');
INSERT INTO regiones (id, nombre) VALUES (3, 'Norteamérica');
INSERT INTO regiones (id, nombre) VALUES (4, 'Europa');
INSERT INTO regiones (id, nombre) VALUES (5, 'Asia');
INSERT INTO regiones (id, nombre) VALUES (6, 'Africa');
INSERT INTO regiones (id, nombre) VALUES (7, 'Oceanía');
INSERT INTO regiones (id, nombre) VALUES (8, 'Antártida');

INSERT INTO clientes (first_name, last_name, email, phone_number, create_at, region_id) VALUES ('Juan', 'Pérez', 'juan.perez@gmail.com', '987654321', '2023-06-01',1);
INSERT INTO clientes (first_name, last_name, email, phone_number, create_at, region_id) VALUES ('María', 'González', 'maria.gonzalez@gmail.com', '123456789', '2023-06-02',1);
INSERT INTO clientes (first_name, last_name, email, phone_number, create_at, region_id) VALUES ('Pedro', 'Sánchez', 'pedro.sanchez@gmail.com', '555555555', '2023-06-03',3);
INSERT INTO clientes (first_name, last_name, email, phone_number, create_at, region_id) VALUES ('Laura', 'López', 'laura.lopez@gmail.com', '111111111', '2023-06-04',3);
INSERT INTO clientes (first_name, last_name, email, phone_number, create_at, region_id) VALUES ('Antonio', 'Martínez', 'antonio.martinez@gmail.com', '222222222', '2023-06-05',4);
INSERT INTO clientes (first_name, last_name, email, phone_number, create_at, region_id) VALUES ('Isabel', 'Rodríguez', 'isabel.rodriguez@gmail.com', '333333333', '2023-06-06',5);
INSERT INTO clientes (first_name, last_name, email, phone_number, create_at, region_id) VALUES ('Carlos', 'Fernández', 'carlos.fernandez@gmail.com', '444444444', '2023-06-07',5);
INSERT INTO clientes (first_name, last_name, email, phone_number, create_at, region_id) VALUES ('Sofía', 'López', 'sofia.lopez@gmail.com', '666666666', '2023-06-08',4);
INSERT INTO clientes (first_name, last_name, email, phone_number, create_at, region_id) VALUES ('Miguel', 'Gómez', 'miguel.gomez@gmail.com', '777777777', '2023-06-09',2);
INSERT INTO clientes (first_name, last_name, email, phone_number, create_at, region_id) VALUES ('Ana', 'Torres', 'ana.torres@gmail.com', '888888888', '2023-06-10',6);


INSERT INTO companies (company_name, email, phone_number, create_at) VALUES ('Belleza Total', 'belleza.total@example.com', '555-1234', '2023-06-10');
INSERT INTO companies (company_name, email, phone_number, create_at) VALUES ('Estética Glamour', 'estetica.glamour@example.com', '555-5678', '2023-06-10');
INSERT INTO companies (company_name, email, phone_number, create_at) VALUES ('Spa Bella Vita', 'spa.bellavita@example.com', '555-9012', '2023-06-10');
INSERT INTO companies (company_name, email, phone_number, create_at) VALUES ('Estudio de Belleza Elegancia', 'estudio.elegancia@example.com', '555-3456', '2023-06-10');
INSERT INTO companies (company_name, email, phone_number, create_at) VALUES ('Salón de Belleza Encanto', 'salon.encanto@example.com', '555-7890', '2023-06-10');
INSERT INTO companies (company_name, email, phone_number, create_at) VALUES ('Estética Armonía', 'estetica.armonia@example.com', '555-2345', '2023-06-10');
INSERT INTO companies (company_name, email, phone_number, create_at) VALUES ('Centro de Estética Belleza Natural', 'centro.bellezanatural@example.com', '555-6789', '2023-06-10');
INSERT INTO companies (company_name, email, phone_number, create_at) VALUES ('Spa Zen', 'spa.zen@example.com', '555-0123', '2023-06-10');
INSERT INTO companies (company_name, email, phone_number, create_at) VALUES ('Salón de Belleza Delicadeza', 'salon.delicadeza@example.com', '555-4567', '2023-06-10');
INSERT INTO companies (company_name, email, phone_number, create_at) VALUES ('Estudio de Estética Sofisticada', 'estudio.sofisticada@example.com', '555-8901', '2023-06-10');